Entity Name (Original),Entity Name (Etcetera Translation),Entity Name (Google Translation),City/County,Region,Country,Affiliation,Nature of Affiliation
中山大学达安基因股份有限公司（“达安基因”）,"DaAn Gene Co., Ltd.","Sun Yat-sen University Daan Gene Co., Ltd. (“Daan Gene”)",Guangzhou,Hong Kong,China,BGI,Associate
北京华大蛋白质研发中心有限公司（“华大蛋白质研发中心”）,,"Beijing Huada Protein R&D Center Co., Ltd. (“Huada Protein R&D Center”)",Beijing,Beijing,China,BGI,Associate
华大基因香港研发中心有限公司,"BGI Hong Kong R&D Center Co., Limited",BGI Hong Kong R&D Center Limited,Hong Kong,Hong Kong,China,BGI,Associate
华昇诊断中心有限公司 (Sunrise Diagnostic Centre Limited),Sunrise Diagnostic Centre Limited,Sunrise Diagnostic Center Limited,Hong Kong,Hong Kong,China,BGI,Associate
Borneo Genomics Innovation Sdn Bhd,,Borneo Genomics Innovation Sdn Bhd,Borneo,Brunei,Brunei,BGI,Associate
"BGI Complete Genomics Hong Kong Co.,Limited",,"BGI Complete Genomics Hong Kong Co.,Limited",Hong Kong,Hong Kong,China,BGI,Associate
上海镁信健康科技有限公司（“上海镁信”）,,"Shanghai Meixin Health Technology Co., Ltd. (“Shanghai Meixin”)",Shanghai,Shanghai,China,BGI,Associate
上海高林固泰创业投资管理有限公司,"Shanghai Gaolin Gutai Venture Capital Investment Management Co., Ltd.","Shanghai Gaolin Gutai Venture Capital Management Co., Ltd.",Shanghai,Shanghai,China,BGI,Associate
中健云康（广州）物流供应链有限公司（“中健云康”）,ConCare Cold Chain Logistics,"Zhongjian Yunkang (Guangzhou) Logistics Supply Chain Co., Ltd. (“Zhongjian Yunkang”)",Guangzhou,Hong Kong,China,BGI,Associate
中健铭成（上海）供应链管理有限公司（“中健铭成”）,,"Zhongjian Mingcheng (Shanghai) Supply Chain Management Co., Ltd. (“Zhongjian Mingcheng”)",Shanghai,Shanghai,China,BGI,Associate
临沂华大医学检验所有限公司,"Linyi Huada Medical Laboratory Co., Ltd.","Linyi Huada Medical Laboratory Co., Ltd.",Linyi,Shandong,China,BGI,Associate
佛山德盛天林股权投资合伙企业（有限合伙）（“佛山德盛”）,,Foshan Desheng Tianlin Equity Investment Partnership (Limited Partnership) (“Foshan Desheng”),Tianlin,Guangxi,China,BGI,Associate
保山华大智慧农业科技股份有限公司（“保山农业”）,"Baoshan BGI Intelligent Agriculture Technology Co., Ltd. (""BGI-Baoshan"")","Baoshan Huada Smart Agriculture Technology Co., Ltd. (“Baoshan Agriculture”)",Baoshan,Yunnan,China,BGI,Associate
北京中健云康供应链科技有限公司（“北京中健云康”）,,"Beijing Zhongjian Yunkang Supply Chain Technology Co., Ltd. (“Beijing Zhongjian Yunkang”)",Beijing,Beijing,China,BGI,Associate
北京华大通瀛科技有限公司,"Beijing HDTY Technology Co., Ltd. (""HDTY"")","Beijing Huada Tongying Technology Co., Ltd.",Beijing,Beijing,China,BGI,Associate
北京宅急送快运股份有限公司（“宅急送”）,,"Beijing ZJS Express Co., Ltd. (“ZJS”)",Beijing,Beijing,China,BGI,Associate
北京恩迪生物科技股份有限公司（“恩迪生物”）,"Beijing Endi Biotechnology Co., Ltd. (""Endi Bio"")","Beijing Endi Biotechnology Co., Ltd. (“Endi Bio”)",Beijing,Beijing,China,BGI,Associate
北京知因新生活细胞生物科技有限公司（“知因盒子”）,,"Beijing Zhiyin New Life Cell Biotechnology Co., Ltd. (“Zhiyin Box”)",Beijing,Beijing,China,BGI,Associate
北京知因盒子健康科技有限公司,"Beijing Zhiyin Box Health Technology Co., Ltd. (""myDNAbox"")","Beijing Zhiyin Box Health Technology Co., Ltd.",Beijing,Beijing,China,BGI,Associate
北京科迅生物技术有限公司（“北京科迅”）,"Beijing Kexun Biotechnology Co., Ltd. (""Beijing Kexun"")","Beijing KOSUN Biotechnology Co., Ltd. (“Beijing KOSUN”)",Beijing,Beijing,China,BGI,Associate
北京聚道科技有限公司（“北京聚道”）,"Beijing GeneDock Technology Co., Ltd. (""GeneDock"")","Beijing Judao Technology Co., Ltd. (“Beijing Judao”)",Beijing,Beijing,China,BGI,Associate
北京量化健康科技有限公司（“北京量化”）,"Beijing QuantiHealth Technology Co., Ltd. (""QuantiHealth"")","Beijing Quantitative Health Technology Co., Ltd. (“Beijing Quantitative”)",Beijing,Beijing,China,BGI,Associate
华大（镇江）水产科技产业有限公司,"Zhenjiang BGI Fisheries Science & Technology Industrial Co., Ltd.","Huada (Zhenjiang) Aquatic Technology Industry Co., Ltd.",Zhenjiang,Jiangsu,China,BGI,Associate
南京华大共赢一号创业投资企业（有限合伙）（“南京华大共赢一号”）,Nanjing BGI Co-Win I Venture Investment Partnership,Nanjing Huada Winwin No. 1 Venture Capital Enterprise (Limited Partnership) (“Nanjing Huada Winwin No. 1”),Nanjing,Jiangsu,China,BGI,Associate
合肥诚康生物技术有限公司（“合肥诚康”）,,"Hefei Chengkang Biotechnology Co., Ltd. (“Hefei Chengkang”)",Hefei,Anhui,China,BGI,Associate
大连华安中茂国际贸易有限公司,"Dalian Hua'an Zhongmao International Trade Co., Ltd.","Dalian Hua'an Zhongmao International Trade Co., Ltd.",Dalian,Liaoning,China,BGI,Associate
宁波梅山保税港区博睿嘉天股权投资管理合伙企业（有限合伙）,Ningbo Meishan Bonded Area Borui Jiatian Equity Investment Management Partnership (Limited Partnership),Ningbo Meishan Bonded Port Area Brilli Jiatian Equity Investment Management Partnership (Limited Partnership),Ningbo,Zhejiang,China,BGI,Associate
宅急送供应链有限公司,,"ZJS Supply Chain Co., Ltd.",Beijing,Beijing,China,BGI,Associate
安徽拜力其生物科技有限公司（“拜力其”）,,"Anhui Bailiqi Biotechnology Co., Ltd. (“Bailiqi”)",Anhui,Anhui,China,BGI,Associate
山东泰山华大医学检验所有限公司,"Shandong Taishan Huada Medical Laboratory Co., Ltd.","Shandong Taishan Huada Medical Laboratory Co., Ltd.",Shandong,Shandong,China,BGI,Associate
康美华大基因技术有限公司（“康美华大”）,"KMHD GeneTech Co., Ltd. (""KMHD"")","Kangmeihuada Gene Technology Co., Ltd. (“Kangmeihuada”)",Guangdong,Guangdong,China,BGI,Associate
恩迪生物科技河北股份有限公司,"Endi Biotechnology Hebei Co., Ltd.","Endi Biotechnology Hebei Co., Ltd.",Hebei,Hebei,China,BGI,Associate
成都博远嘉昱创业投资合伙企业（有限合伙）（“博远嘉昱”）,Chengdu Boyuan Jiayu Venture Capital Partnership (Limited Partnership),Chengdu Boyuan Jiayu Venture Capital Partnership (Limited Partnership) (“Boyuan Jiayu”),Chengdu,Sichuan,China,BGI,Associate
武汉中健云康供应链管理有限公司（“武汉中健云康”）,,"Wuhan Zhongjian Yunkang Supply Chain Management Co., Ltd. (“Wuhan Zhongjian Yunkang”)",Wuhan,Hubei,China,BGI,Associate
泸州恒康华大生物科技有限公司,"Luzhou Hengkang Huada Biotechnology Co., Ltd.","Luzhou Hengkang Huada Biotechnology Co., Ltd.",Luzhou,Sichuan,China,BGI,Associate
深圳中健云康国际冷链供应链有限公司（“深圳中健云康”）,,"Shenzhen Zhongjian Yunkang International Cold Chain Supply Chain Co., Ltd. (“Shenzhen Zhongjian Yunkang”)",Shenzhen,Guangdong,China,BGI,Associate
深圳华每嘉中企业管理咨询有限公司,"Shenzhen Huamei Jiazhong Enterprise Management Consulting Co., Ltd.","Shenzhen Huamei Jiazhong Enterprise Management Consulting Co., Ltd.",Shenzhen,Guangdong,China,BGI,Associate
深圳市华大基因学院（“基因学院”）,,Shenzhen Huada Institute of Genetics (“Genetics Institute”),Shenzhen,Guangdong,China,BGI,Associate
深圳市同并相联科技有限公司,"Shenzhen City Tong Bing Xiang Lian Technology Co., Ltd.","Shenzhen Tonghelian Technology Co., Ltd.",Shenzhen,Guangdong,China,BGI,Associate
深圳市广电公益基金会·华基金公益基金（“华基金”）,,Shenzhen Radio and Television Public Welfare Foundation·Hua Fund Public Welfare Fund (“Hua Fund”),Shenzhen,Guangdong,China,BGI,Associate
深圳市早知道科技有限公司,,"Shenzhen Zaozhi Technology Co., Ltd.",Shenzhen,Guangdong,China,BGI,Associate
深圳弘泰资本投资有限公司,"Shenzhen Hongtai Capital Investment Co., Ltd.","Shenzhen Hongtai Capital Investment Co., Ltd.",Shenzhen,Guangdong,China,BGI,Associate
珠海高林金泰创业投资合伙企业（有限合伙）（“高林珠海”）,,Zhuhai Gaolin Jintai Venture Capital Partnership (Limited Partnership) (“Gaolin Zhuhai”),Zhuhai,Guangdong,China,BGI,Associate
苏州泓迅生物科技股份有限公司,Synbio Technologies,"Suzhou Synbio Biotechnology Co., Ltd.",Suzhou,Jiangsu,China,BGI,Associate
长沙华大梅溪湖医学检验所有限公司（“长沙华大”）,"Changsha Huada Meixi Lake Medical Laboratory Co., Ltd. (""Changsha Huada"")","Changsha Huada Meixi Lake Medical Laboratory Co., Ltd.",Changsha,Hunan,China,BGI,Associate
青岛华大共赢二号创业投资基金合伙企业（有限合伙）（“青岛华大共赢二号”）,,Qingdao Huada Winwin No. 2 Venture Capital Fund Partnership (Limited Partnership) (“Qingdao Huada Winwin No. 2”),Qingdao,Shandong,China,BGI,Associate
高林（深圳）资本管理有限公司,"Gaolin (Shenzhen) Capital Management Co., Ltd. (""Shenzhen Gaolin"")","Gaolin (Shenzhen) Capital Management Co., Ltd.",Shenzhen,Guangdong,China,BGI,Associate
高林厚健（上海）创业投资合伙企业（有限合伙）（“高林厚健”）,"Gaolin Houjian (Shanghai) Equity Investment Partnership Enterprise (Limited Partnership) (""Gaolin Houjian"")",Gaolin Houjian (Shanghai) Venture Capital Partnership (Limited Partnership) (“Gaolin Houjian”),Shanghai,Shanghai,China,BGI,Associate
高林开泰（上海）股权投资合伙企业（有限合伙）（“高林上海”）,,Gaolin Kaitai (Shanghai) Equity Investment Partnership (Limited Partnership) (“Gaolin Shanghai”),Shanghai,Shanghai,China,BGI,Associate
高林资本管理有限公司,Gaolin Capital,"Gaolin Capital Management Co., Ltd.",Beijing,Beijing,China,BGI,Associate
"MHBGI, Limited Partnership",,"MHBGI, Limited Partnership",Petach Tikva,Israel,Israel,BGI,Associate
"Bangkok Genomics Innovation Co., Ltd",,"Bangkok Genomics Innovation Co., Ltd",Bangkok,Thailand,Thailand,BGI,Associate
吉因加及其与发行人有交易的子公司,,Jiinga and its subsidiaries that have transactions with the issuer,Beijing,Beijing,China,BGI,Associate
广州达安基因股份有限公司,"DaAn Gene Co., Ltd.","Guangzhou Da'an Gene Co., Ltd.",Guangzhou,Guangdong,China,BGI,Associate
Pryzm Health IQ Pty Ltd（“Pryzm Health“）,,Pryzm Health IQ Pty Ltd（“Pryzm Health“）,Queensland,Australia,Australia,BGI,Affiliate
广州中健云康网络科技有限公司（“广州中健云康”）,"Concare (Guangzhou) Logistics Supply Chain Co., Ltd. (""Concare"")","Guangzhou Zhongjian Yunkang Network Technology Co., Ltd. (“Guangzhou Zhongjian Yunkang”)",Guangzhou,Hong Kong,China,BGI,Affiliate
武汉古奥基因科技有限公司（“古奥基因”）,Gooal Gene,"Wuhan Guao Gene Technology Co., Ltd. (“Guao Gene”)",Wuhan,Hubei,China,BGI,Affiliate
苏州泓迅生物科技有限公司（“苏州泓迅”）,,"Suzhou Synbio Biotechnology Co., Ltd. (“Suzhou Synbio”)",Suzhou,Jiangsu,China,BGI,Affiliate
中港国际医疗中心有限公司,,"China Hong Kong International Medical Centre Co., Limited",Hong Kong,Hong Kong,China,BGI,Subsidiary
深圳华大临床检验中心,,Shenzhen Huada Clinical Laboratory Center,Shenzhen,Guangdong,China,BGI,Subsidiary
青岛华大精准医学管理中心有限公司,"Qingdao Huada Precision Medicine Management Center Co., Ltd.","Qingdao Huada Precision Medicine Management Center Co., Ltd.",Qingdao,Shandong,China,BGI,Subsidiary
BGI Health (AU) Company Pty Ltd,,BGI Health (AU) Company Pty Ltd,,Australia,Australia,BGI,Subsidiary
BGI Genomics Canada Ltd,,BGI Genomics Canada Ltd,,Canada,Canada,BGI,Subsidiary
"BGI HEALTH (HK) CO., LTD",,"BGI HEALTH (HK) CO., LTD",Hong Kong,Hong Kong,China,BGI,Subsidiary
"BGI Pathogenesis Pharmaceutical Technology (HongKong) Co., Limited",,"BGI Pathogenesis Pharmaceutical Technology (HongKong) Co., Limited",Hong Kong,Hong Kong,China,BGI,Subsidiary
"BGI Tech Holding (Hong Kong) Co., LTD.",,"BGI Tech Holding (Hong Kong) Co., LTD.",Hong Kong,Hong Kong,China,BGI,Subsidiary
"BGI Tech Solutions (Hong Kong) Co., LTD.",,"BGI Tech Solutions (Hong Kong) Co., LTD.",Hong Kong,Hong Kong,China,BGI,Subsidiary
SMARTER INFO COMPANY LIMITED,,SMARTER INFO COMPANY LIMITED,Hong Kong,Hong Kong,China,BGI,Subsidiary
上海华大医学检验所有限公司,"Shanghai Huada Medical Laboratory Co., Ltd.","Shanghai Huada Medical Laboratory Co., Ltd.",Shanghai,Shanghai,China,BGI,Subsidiary
上海华大基因科技有限公司,"Shanghai BGI Technology Co., Ltd.","Shanghai Huada Gene Technology Co., Ltd.",Shanghai,Shanghai,China,BGI,Subsidiary
东莞华大基因科技有限公司,,"Dongguan Huada Gene Technology Co., Ltd.",Dongguan,Guangdong,China,BGI,Subsidiary
云南华大基因医学有限公司,"BGI Yunnan Medical Co., Ltd.","Yunnan Huada Gene Medicine Co., Ltd.",Kunming,Yunnan,China,BGI,Subsidiary
云南华大昆华医学检验所有限公司,"Yunnan BGI-Kunhua Medical Laboratory Co., Ltd.","Yunnan Huada Kunhua Medical Laboratory Co., Ltd.",Kunming,Yunnan,China,BGI,Subsidiary
内蒙古华大医学检验所有限公司,,"Inner Mongolia Huada Medical Laboratory Co., Ltd.",Hohhot,Inner Mongolia,China,BGI,Subsidiary
北京九州泰康生物科技有限责任公司,,"Beijing Jiuzhou Taikang Biotechnology Co., Ltd.",Beijing,Beijing,China,BGI,Subsidiary
北京六合华大基因（香港）科技有限公司,"BGI Bio-Solutions Hongkong Co., Limited","Beijing Liuhe Huada Gene (Hong Kong) Technology Co., Ltd.",Hong Kong,Hong Kong,China,BGI,Subsidiary
北京六合华大基因科技有限公司（“北京六合”）,"Beijing Liuhe BGI-GBI Co., Ltd.","Beijing Liuhe Huada Gene Technology Co., Ltd.",Beijing,Beijing,China,BGI,Subsidiary
北京华大优康科技有限公司,"Beijing Huada Youkang Technology Co., Ltd.","Beijing Huada Youkang Technology Co., Ltd.",Beijing,Beijing,China,BGI,Subsidiary
北京华大医学检验所有限公司,"Beijing Huada Medical Laboratory Co., Ltd.","Beijing Huada Medical Laboratory Co., Ltd.",Beijing,Beijing,China,BGI,Subsidiary
北京华大吉比爱医学检验实验室有限公司,,"Beijing Huada Jibiai Medical Testing Laboratory Co., Ltd.",Beijing,Beijing,China,BGI,Subsidiary
北京华大吉比爱生物技术有限公司（“华大吉比爱”）,"Beijing BGI-GBI Biotech Co., Ltd.","Beijing Huada Jibiai Biotechnology Co., Ltd.",Beijing,Beijing,China,BGI,Subsidiary
华大吉云（上海）生物科技有限公司,,"Huada Jiyun (Shanghai) Biotechnology Co., Ltd.",Shanghai,Shanghai,China,BGI,Subsidiary
华大基因生物科技（深圳）有限公司,"BGI Biotechnology (Shenzhen) Co., Ltd.","BGI Biotechnology (Shenzhen) Co., Ltd.",Shenzhen,Guangdong,China,BGI,Subsidiary
华大数极生物科技（深圳）有限公司,Envelope Health,"Huada Shuji Biotechnology (Shenzhen) Co., Ltd.",Shenzhen,Guangdong,China,BGI,Subsidiary
华大生物科技（武汉）有限公司,"Huada Biotechnology (Wuhan) Co., Ltd.","Huada Biotechnology (Wuhan) Co., Ltd.",Wuhan,Hubei,China,BGI,Subsidiary
华大青兰生物科技（无锡）有限公司,"Wuxi Qinglan Biotech Co., Ltd. (""Qinglan Biotech"")","Huada Qinglan Biotechnology (Wuxi) Co., Ltd.",Wuxi,Jiangsu,China,BGI,Subsidiary
南京华大医学检验所有限公司,"BGI Clinical Laboratories (Nanjing) Co., Ltd.","Nanjing Huada Medical Laboratory Co., Ltd.",Nanjing,Jiangsu,China,BGI,Subsidiary
南京华大基因科技有限公司,"Nanjing Huada Gene Technology Co., Ltd.","Nanjing Huada Gene Technology Co., Ltd.",Nanjing,Jiangsu,China,BGI,Subsidiary
天津华大医学检验所有限公司（“天津医检”）,"Tianjin BGI Medical Examination Institute Co., Ltd. (""Huada Medical"")","Tianjin Huada Medical Laboratory Co., Ltd.",Tianjin,Tianjin,China,BGI,Subsidiary
天津华大基因科技有限公司,"Tianjin BGI Technology Co., Ltd.","Tianjin Huada Gene Technology Co., Ltd.",Tianjin,Tianjin,China,BGI,Subsidiary
安徽华大医学检验所有限公司,"Anhui Huada Medical Laboratory Co., Ltd.","Anhui Huada Medical Laboratory Co., Ltd.",Anhui,Anhui,China,BGI,Subsidiary
广州华大基因医学检验所有限公司,"BGI Guangzhou Medical Laboratory Co., Ltd.","Guangzhou Huada Gene Medical Laboratory Co., Ltd.",Guangzhou,Hong Kong,China,BGI,Subsidiary
廊坊华大吉比爱生物技术有限公司,,"Langfang Huada Jibiai Biotechnology Co., Ltd.",Langfang,Hubei,China,BGI,Subsidiary
成都华大创新医学检验所有限公司,"Chengdu Huada Innovative Medical Laboratory Co., Ltd.","Chengdu Huada Innovative Medical Laboratory Co., Ltd.",Chengdu,Sichuan,China,BGI,Subsidiary
本溪华大医学检验所有限公司,"Benxi Huada Medical Laboratory Co., Ltd.","Benxi Huada Medical Laboratory Co., Ltd.",Benxi,Liaoning,China,BGI,Subsidiary
杭州华大青兰创新科技有限公司,"Hangzhou BGI Qinglan Innovation Technology Co., Ltd.","Hangzhou Huada Qinglan Innovation Technology Co., Ltd.",Hangzhou,Zhejiang,China,BGI,Subsidiary
武汉华大医学检验所有限公司,"Wuhan Huada Medical Laboratory Co., Ltd.","Wuhan Huada Medical Laboratory Co., Ltd.",Wuhan,Hubei,China,BGI,Subsidiary
武汉华大基因技术服务有限公司,"BGI Tech Solutions Co., Ltd. Wuhan Branch","Wuhan BGI Technology Service Co., Ltd.",Wuhan,Hubei,China,BGI,Subsidiary
武汉华大基因生物医学工程有限公司,"Wuhan Huada Gene Biomedical Engineering Co., Ltd.","Wuhan Huada Gene Biomedical Engineering Co., Ltd.",Wuhan,Hubei,China,BGI,Subsidiary
武汉华大火眼实验室有限公司,,"Wuhan Huada Fire Eye Laboratory Co., Ltd.",Wuhan,Hubei,China,BGI,Subsidiary
济宁华大基因医学研究有限公司,"Jining BGI Medical Research Co., Ltd.","Jining Huada Gene Medicine Research Co., Ltd.",Jining,Shandong,China,BGI,Subsidiary
海南华大基因科技有限公司,,"Hainan Huada Gene Technology Co., Ltd.",Hainan,Hainan,China,BGI,Subsidiary
深圳华大保险经纪有限责任公司,,"Shenzhen Huada Insurance Brokers Co., Ltd.",Shenzhen,Guangdong,China,BGI,Subsidiary
深圳华大医学检验实验室,,Shenzhen Huada Medical Laboratory,Shenzhen,Guangdong,China,BGI,Subsidiary
深圳华大因凡医药科技有限公司,"Shenzhen Huada Yinfan Pharmaceutical Technology Co., Ltd.","Shenzhen Huada Infan Pharmaceutical Technology Co., Ltd.",Shenzhen,Guangdong,China,BGI,Subsidiary
深圳华大因源医药科技有限公司,"Shenzhen Huada Yinyuan Pharmaceutical Technology Co., Ltd.","Shenzhen Huada Yinyuan Pharmaceutical Technology Co., Ltd.",Shenzhen,Guangdong,China,BGI,Subsidiary
深圳华大基因供应链有限公司,,"Shenzhen BGI Supply Chain Co., Ltd.",Shenzhen,Guangdong,China,BGI,Subsidiary
深圳华大基因生物医学工程有限公司,"Shenzhen BGI Biomedical Engineering Co., Ltd.","Shenzhen BGI Biomedical Engineering Co., Ltd.",Shenzhen,Guangdong,China,BGI,Subsidiary
深圳华大基因科技服务有限公司,"BGI Tech Solutions Co., Ltd.","Shenzhen Huada Gene Technology Service Co., Ltd.",Shenzhen,Guangdong,China,BGI,Subsidiary
深圳华大青启生物科技有限公司,,"Shenzhen Huada Qingqi Biotechnology Co., Ltd.",Shenzhen,Guangdong,China,BGI,Subsidiary
深圳惠众今安科技有限公司,"Shenzhen Huizhong Jin'an Technology Co., Ltd.","Shenzhen Huizhong Jinan Technology Co., Ltd.",Shenzhen,Guangdong,China,BGI,Subsidiary
潍坊华大基因健康科技有限公司,"Weifang BGI Genomics Health Technology Co., Ltd.","Weifang Huada Gene Health Technology Co., Ltd.",Weifang,Shandong,China,BGI,Subsidiary
珠海华大基因科技有限公司,"Zhuhai BGI Technology Co., Ltd.","Zhuhai Huada Gene Technology Co., Ltd.",Zhuhai,Guangdong,China,BGI,Subsidiary
石家庄华大医学检验实验室有限公司,"Shijiazhuang Huada Medical Testing Laboratory Co., Ltd.","Shijiazhuang Huada Medical Testing Laboratory Co., Ltd.",Shijiazhuang,Hebei,China,BGI,Subsidiary
秦皇岛华大基因科技有限公司,"Qinhuangdao BGI Technology Co., Ltd.","Qinhuangdao BGI Technology Co., Ltd.",Qinhuangdao,Hubei,China,BGI,Subsidiary
西藏华大医学检验有限公司（“西藏医检”）,,"Tibet Huada Medical Testing Co., Ltd.",Lhasa,Xizang,China,BGI,Subsidiary
西藏华大基因生物科技有限公司,,"Tibet Huada Gene Biotechnology Co., Ltd.",Lhasa,Xizang,China,BGI,Subsidiary
贵州华大医学检验所有限公司,"Guizhou Huada Medical Laboratory Co., Ltd.","Guizhou Huada Medical Laboratory Co., Ltd.",Guizhou,Guizhou,China,BGI,Subsidiary
重庆华大医学检验所有限公司,"Chongqing Huada Medical Laboratory Co., Ltd.","Chongqing Huada Medical Laboratory Co., Ltd.",Chongqing,Chongqing,China,BGI,Subsidiary
长垣华大医学检验所有限公司,"Changyuan Huada Medical Laboratory Co., Ltd.","Changyuan Huada Medical Laboratory Co., Ltd.",Changyuan,Henan,China,BGI,Subsidiary
青岛华大医学检验所有限公司,"Qingdao Huada Medical Laboratory Co., Ltd.","Qingdao Huada Medical Laboratory Co., Ltd.",Qingdao,Shandong,China,BGI,Subsidiary
青岛青西华大基因有限公司,"Qingdao Qingxi Huada Genes Co., Ltd.","Qingdao Qingxi Huada Gene Co., Ltd.",Qingdao,Shandong,China,BGI,Subsidiary
黑龙江华大医学检验有限公司,,"Heilongjiang Huada Medical Testing Co., Ltd.",Harbin,Heilongjiang,China,BGI,Subsidiary
黑龙江华大龙江医学检验实验室有限公司,,"Heilongjiang Huada Longjiang Medical Testing Laboratory Co., Ltd.",Harbin,Heilongjiang,China,BGI,Subsidiary
BGI Europe A/S,,BGI Europe A/S,,Denmark,Denmark,BGI,Subsidiary
BGI Health Ethiopia Private Limited Company,,BGI Health Ethiopia Private Limited Company,,Ethiopia,Ethiopia,BGI,Subsidiary
BGI Health Hungary Korlátolt Felelősséégű Táársasáág,,BGI Health Hungary Limited Liability Partnership branch,,Hungary,Hungary,BGI,Subsidiary
BGI Japan Kabushikikaisya,,BGI Japan Kabushikikaisya,,Japan,Japan,BGI,Subsidiary
BGI Tech Solutions (Europe) B.V.,,BGI Tech Solutions (Europe) B.V.,,Netherlands,Netherlands,BGI,Subsidiary
BGI Tech Solutions (Europe) Cooperatief U.A.,,BGI Tech Solutions (Europe) Cooperatief U.A.,,Netherlands,Netherlands,BGI,Subsidiary
BGI Tech Solutions (Poland) SP. Z O. O.,,BGI Tech Solutions (Poland) SP. Z O. O.,,Poland,Poland,BGI,Subsidiary
BGI Almanahil Health For Medical Services,,BGI Almanahil Health For Medical Services,,Saudi Arabia,Saudi Arabia,BGI,Subsidiary
BGI Health (SG) Company Pte. Ltd.,,BGI Health (SG) Company Pte. Ltd.,,Singapore,Singapore,BGI,Subsidiary
BGI Genomics UK Co Ltd,,BGI Genomics UK Co Ltd,,United Kingdom,U.K.,BGI,Subsidiary
BGI Americas Corporation,,BGI Americas Corporation,,United States of America,U.S.A.,BGI,Subsidiary
GBI Diagnostics Inc.,,GBI Diagnostics Inc.,,United States of America,U.S.A.,BGI,Subsidiary
DISOLIAN S.A.,,DISOLIAN S.A.,,Uruguay,Uruguay,BGI,Subsidiary
长沙梅溪湖华大医学检验所有限公司（“长沙华大”）,"Changsha Huada Meixi Lake Medical Laboratory Co., Ltd. (""Changsha Huada"")","Changsha Meixihu BGI Medical Laboratory Co., Ltd. (""Changsha BGI"")",Changsha,Hunan,China,BGI,Subsidiary
"DNA Service Center (Hong Kong) Co.,Limited（“DNA Service”）香港华大实验室有限公司",,"DNA Service Center (Hong Kong) Co.,Limited (""DNA Service"") Hong Kong Huada Laboratory Co., Ltd.",Hong Kong,Hong Kong,China,BGI & MGI,Associate
中国农业科学院深圳生物育种创新研究院（“农业研究院”）,"Shenzhen Institute of Biological Breeding Innovation, Chinese Academy of Agricultural Sciences","Shenzhen Institute of Biological Breeding Innovation, Chinese Academy of Agricultural Sciences (""Agricultural Research Institute"")",Shenzhen,Guangdong,China,BGI & MGI,Associate
云南华大基因研究院（“云南研究院”）,BGI Yunnan Research Institute,BGI Yunnan Research Institute (“Yunnan Research Institute”),Yunnan,Yunnan,China,BGI & MGI,Associate
北京华大基因研究中心有限公司（“北京研究中心”）,"Beijing BGI Research Center Co., Ltd.","Beijing BGI Research Center Co., Ltd. (“Beijing Research Center”)",Beijing,Beijing,China,BGI & MGI,Associate
北京华大方瑞司法物证鉴定中心（“方瑞司法”）,BGI-Forensics (Beijing),Beijing Huada Fangrui Judicial Evidence Identification Center (“Fangrui Judicial”),Beijing,Beijing,China,BGI & MGI,Associate
深圳华大生命科学研究院（“华大研究院”）,BGI-Research,Shenzhen BGI Life Science Research Institute (“BGI”),Shenzhen,Guangdong,China,BGI & MGI,Associate
深圳市华大农业应用研究院（“农业应用”）,BGI Institute of Applied Agriculture,Shenzhen Huada Agricultural Application Research Institute (“Agricultural Application”),Shenzhen,Guangdong,China,BGI & MGI,Associate
湖北华大基因研究院,Hubei BGI Research Institute,Hubei Huada Gene Research Institute,Hubei,Hubei,China,BGI & MGI,Associate
青岛华大基因研究院（“青岛研究院”）,BGI-Research Qingdao,Qingdao BGI Research Institute (“Qingdao Research Institute”),Qingdao,Shandong,China,BGI & MGI,Associate
BGI International Pty Ltd（“澳洲华大”）,,BGI International Pty Ltd (“BGI Australia”),,Australia,Australia,BGI & MGI,Associate
"BGI Hong Kong Tech Co., Limited 香港华大基因科技有限公司",,"BGI Hong Kong Tech Co., Limited",Hong Kong,Hong Kong,China,BGI & MGI,Associate
云南华大基因科技有限公司,"Yunnan BGI Technology Co., Ltd.","Yunnan Huada Gene Technology Co., Ltd.",Yunnan,Yunnan,China,BGI & MGI,Associate
北京华大方瑞生物科技有限公司（“方瑞生物”）,,"Beijing Huada Fangrui Biotechnology Co., Ltd. (“Fangrui Bio”)",Beijing,Beijing,China,BGI & MGI,Associate
华大共赢（深圳）股权投资基金管理有限公司（“华大共赢”）,"BGI Co-Win (Shenzhen) Private Equity Co., Ltd. (""BGI Co-Win"")","Huada Win-Win (Shenzhen) Equity Investment Fund Management Co., Ltd. (“Hua Da Win-Win”)",Shenzhen,Guangdong,China,BGI & MGI,Associate
华大精准营养（深圳）科技有限公司（“华大营养”）,"Huada Precision Nutrition (Shenzhen) Technology Co., Ltd. (""BGI·Nutri"")","Huada Precision Nutrition (Shenzhen) Technology Co., Ltd. (“Huada Nutrition”)",Shenzhen,Guangdong,China,BGI & MGI,Associate
广东华大法医物证司法鉴定所,,Guangdong Huada Forensic Evidence Judicial Appraisal Institute,Guangdong,Guangdong,China,BGI & MGI,Associate
广西华大基因科技有限公司（“广西华大”）,"Guangxi BGI Technology Co., Ltd.","Guangxi Huada Gene Technology Co., Ltd. (“Guangxi Huada”)",Guangxi,Guangxi,China,BGI & MGI,Associate
武汉华大吉诺因生物科技有限公司（“武汉吉诺”）,,"Wuhan Huada Genoin Biotechnology Co., Ltd. (“Wuhan Genoin”)",Wuhan,Hubei,China,BGI & MGI,Associate
武汉华大基因科技有限公司,"Wuhan BGI Technology Co., Ltd.","Wuhan Huada Gene Technology Co., Ltd.",Wuhan,Hubei,China,BGI & MGI,Associate
海南华大生命科技有限公司,,"Hainan Huada Life Technology Co., Ltd.",Hainan,Hainan,China,BGI & MGI,Associate
"深圳华大三生园科技有限公司（“华大三生园”）(""华大农业"")","Shenzhen Huada Sansheng Garden Technology Co., Ltd.","Shenzhen Huada Sanshengyuan Technology Co., Ltd. (“Huada Sanshengyuan”) (“Huada Agriculture”)",Shenzhen,Guangdong,China,BGI & MGI,Associate
深圳华大互联网信息服务有限公司（“华大互联网”）,"Shenzhen Huada Internet Information Services Co., Ltd.","Shenzhen Huada Internet Information Service Co., Ltd. (“Huada Internet”)",Shenzhen,Guangdong,China,BGI & MGI,Associate
深圳华大优选科技有限公司（“华大优选”）,"Shenzhen BGI Best Technology Co., Ltd. (""BGI Best"")","Shenzhen Huada Optimal Technology Co., Ltd. (“Huada Optimal”)",Shenzhen,Guangdong,China,BGI & MGI,Associate
深圳华大基因咖啡有限公司（“华大咖啡”）,"Shenzhen BGI Coffee Co., Ltd.","Shenzhen Huada Gene Coffee Co., Ltd. (“Huada Coffee”)",Shenzhen,Guangdong,China,BGI & MGI,Associate
深圳华大基因细胞科技有限责任公司（“华大细胞“）,,"Shenzhen Huada Gene Cell Technology Co., Ltd. (“Huada Cell”)",Shenzhen,Guangdong,China,BGI & MGI,Associate
深圳华大小米产业股份有限公司（“华大小米”）,"Shenzhen BGI Millet Industry Co., Ltd. (""BGI-Millet"")","Shenzhen Huada Rice Industry Co., Ltd. (“Huada Rice”)",Shenzhen,Guangdong,China,BGI & MGI,Associate
"深圳华大法医科技有限公司（“深圳法医”） (""华大司法"")","Shenzhen Huada Forensic Technology Co., Ltd. (""FGI"")","Shenzhen Huada Forensic Technology Co., Ltd. (“Shenzhen Forensic”) (“Huada Judicial”)",Shenzhen,Guangdong,China,BGI & MGI,Associate
深圳华大海洋科技有限公司,"Shenzhen BGI Marine Sci & Tech Co., Ltd. (""BGI Marine"")","Shenzhen Huada Ocean Technology Co., Ltd.",Shenzhen,Guangdong,China,BGI & MGI,Associate
深圳华大特检科技有限公司（“华大特检”）,"Shenzhen Huada Special Inspection Technology Co., Ltd. ","Shenzhen Huada Special Inspection Technology Co., Ltd. (“Huada Special Inspection”)",Shenzhen,Guangdong,China,BGI & MGI,Associate
深圳华大运动控股有限责任公司（“华大运动”）,"Shenzhen SGI Holding Co., Ltd. (""SGI"")","Shenzhen Huada Sports Holding Co., Ltd. (“Huada Sports”)",Shenzhen,Guangdong,China,BGI & MGI,Associate
深圳华大鹏城门诊部（“华大鹏城门诊部”）,,Shenzhen Hua Dapeng City Clinic (“Hua Dapeng City Clinic”),Shenzhen,Guangdong,China,BGI & MGI,Associate
深圳市猛犸公益基金会（“猛犸基金会”）,Shenzhen Mammoth Public Welfare Foundation (“Mammoth Foundation”),Shenzhen Mammoth Public Welfare Foundation (“Mammoth Foundation”),Shenzhen,Guangdong,China,BGI & MGI,Associate
深圳知因生物科技有限公司,,"Shenzhen Zhiyin Biotechnology Co., Ltd.",Shenzhen,Guangdong,China,BGI & MGI,Associate
菁良基因科技（深圳）有限公司（“菁良生物”）,"GeneWell Biotechnology Co., Ltd. (""GeneWell"")","Jingliang Gene Technology (Shenzhen) Co., Ltd. (“Jingliang Bio”)",Shenzhen,Guangdong,China,BGI & MGI,Associate
西藏华大基因科技有限公司（“西藏华大“）,,"Tibet Huada Gene Technology Co., Ltd. (“Tibet Huada”)",Tibet,Xizang,China,BGI & MGI,Associate
贵州华大基因科技有限公司（“贵州华大”）,,"Guizhou Huada Gene Technology Co., Ltd. (“Guizhou Huada”)",Guizhou,Guizhou,China,BGI & MGI,Associate
青岛华大生命科技有限公司（“青岛科技”）,,"Qingdao Huada Life Science and Technology Co., Ltd. (“Qingdao Science and Technology”)",Qingdao,Shandong,China,BGI & MGI,Associate
BGI Groups USA Inc,,BGI Groups USA Inc,,United States of America,U.S.A.,BGI & MGI,Associate
BGI Research USA Inc,,BGI Research USA Inc,,United States of America,U.S.A.,BGI & MGI,Associate
"深圳华大基因股份有限公司 (""华大基因"")","BGI Genomics Co., Ltd. (""BGI"")","Shenzhen BGI Corporation (""BGI"")",Shenzhen,Guangdong,China,BGI Genomics,Primary Company
"深圳华大基因科技有限公司 (""华大控股"")","Shenzhen BGI Technology Co., Ltd. (""BGI Group"", ""BGI Holdings"")","Shenzhen BGI Gene Technology Co., Ltd. (""BGI Holdings"")",Shenzhen,Guangdong,China,BGI Group,Primary Company
"昆山华大智造云影医疗科技有限公司(""昆山云影"")",,"Kunshan MGI Yunying Medical Technology Co., Ltd. (""Kunshan Yunying"")",Jiangsu,Jiangsu,China,MGI,Affiliate
长垣县华大农业研究院（已注销）,,Huada Agricultural Research Institute of Changyuan County (Canceled),Changyuan,Henan,China,MGI,Associate
香港华大基因研究院有限公司（已告解散）,,"Hong Kong BGI Research Co., Ltd. (dissolved)",Hong Kong,Hong Kong,China,MGI,Associate
三亚华大生命科学研究院,,Sanya BGI Life Science Research Institute,Sanya,Hainan,China,MGI,Associate
北京华大生命科学研究院,,Beijing BGI Life Science Research Institute,Beijing,Beijing,China,MGI,Associate
华大基因洛阳农业创新中心,,BGI Luoyang Agricultural Innovation Center,Luoyang,Henan,China,MGI,Associate
华大工程生物学长荡湖研究所,,BGI Changdang Lake Institute of Engineering Biology,Changdang City,Jiangsu,China,MGI,Associate
新乡市华大中原精准医学与健康研究院,,Xinxiang Huada Central Plains Institute of Precision Medicine and Health,Xinxiang,Henan,China,MGI,Associate
杭州华大基因研发中心,,Hangzhou BGI R&D Center,Hangzhou,Zhejiang,China,MGI,Associate
深圳华大创始人投资中心（有限合伙）,,Shenzhen Huada Founder Investment Center (Limited Partnership),Shenzhen,Guangdong,China,MGI,Associate
深圳华大基因科技创新中心有限公司,,"Shenzhen BGI Technology Innovation Center Co., Ltd.",Shenzhen,Guangdong,China,MGI,Associate
深圳市华大司法技术协同创新研究院,,Shenzhen Huada Judicial Technology Collaborative Innovation Research Institute,Shenzhen,Guangdong,China,MGI,Associate
深圳市华大教育中心,,Shenzhen Huada Education Center,Shenzhen,Guangdong,China,MGI,Associate
贵州华大生命大数据研究院有限公司,,"Guizhou Huada Life Big Data Research Institute Co., Ltd.",Guizhou,Guizhou,China,MGI,Associate
阜阳华大生命科学研究院,,Fuyang BGI Life Science Research Institute,Fuyang,Anhui,China,MGI,Associate
青欧生命科学高等研究院,,Qingou Institute of Advanced Life Sciences,Qingdao,Shandong,China,MGI,Associate
上海华大建林基因科技有限公司（已注销）,,"Shanghai Huada Jianlin Gene Technology Co., Ltd. (deregistered)",Shanghai,Shanghai,China,MGI,Associate
华大基因生物医学工程（上海）有限公司（已注销）,,"BGI Biomedical Engineering (Shanghai) Co., Ltd. (deregistered)",Shanghai,Shanghai,China,MGI,Associate
深圳市捷富凯贸易有限公司（已注销）,,"Shenzhen Jiefukai Trading Co., Ltd. (deregistered)",Shenzhen,Guangdong,China,MGI,Associate
深圳市盐田区华大幼儿园（已注销）,,"Huada Kindergarten in Yantian District, Shenzhen (Canceled)",Shenzhen,Guangdong,China,MGI,Associate
深圳绿倍生态科技有限公司（已注销）,,"Shenzhen Lvbei Ecological Technology Co., Ltd. (deregistered)",Shenzhen,Guangdong,China,MGI,Associate
蓝色彩虹（北京）科技有限公司（已注销）,,"Blue Rainbow (Beijing) Technology Co., Ltd. (deregistered)",Beijing,Beijing,China,MGI,Associate
西藏奇迹之光企业管理有限公司（已注销）,,"Tibet Miracle Light Enterprise Management Co., Ltd. (Canceled)",Tibet,Xizang,China,MGI,Associate
长垣华大小米产业有限责任公司（已注销）,,"Changyuan Huada Rice Industry Co., Ltd. (deregistered)",Changyuan,Henan,China,MGI,Associate
BGI Denmark ApS（已注销）,,BGI Denmark ApS (deactivated),,Denmark,Denmark,MGI,Associate
"CGI （BVI）Co., Limited（已注销）",,"CGI (BVI) Co., Limited (deregistered)",British Virgin Islands,British Virgin Islands,U.K.,MGI,Associate
"CGI Cayman Co., Limited（已注销）",,"CGI Cayman Co., Limited (deregistered)",Cayman,Cayman Islands,U.K.,MGI,Associate
"BGI Hong Kong Cell Technology Co., Limited (""香港细胞"")",,"BGI Hong Kong Cell Technology Co., Limited (""Hong Kong Cell"")",Hong Kong,Hong Kong,China,MGI,Associate
"BGI Hong Kong Innovation Co., Limited (""BGI Innovation"")",,"BGI Hong Kong Innovation Co., Limited (""BGI Innovation"")",Hong Kong,Hong Kong,China,MGI,Associate
"Govita Tech Limited 健科国际股份有限公司 (""健科国际"")",,"Govita Tech Limited Jianke International Co., Ltd. (""Jianke International"")",Hong Kong,Hong Kong,China,MGI,Associate
MGI Tech A Limited,,MGI Tech A Limited,Shenzhen,Guangdong,China,MGI,Associate
MGI Tech B Limited,,MGI Tech B Limited,Shenzhen,Guangdong,China,MGI,Associate
MGI Tech C Limited,,MGI Tech C Limited,Shenzhen,Guangdong,China,MGI,Associate
MGI Tech D Limited,,MGI Tech D Limited,Shenzhen,Guangdong,China,MGI,Associate
上海之江生物科技股份有限公司,,"Shanghai Zhijiang Biotechnology Co., Ltd.",Shanghai,Shanghai,China,MGI,Associate
上海汇禾医疗科技有限公司,,"Shanghai Huihe Medical Technology Co., Ltd.",Shanghai,Shanghai,China,MGI,Associate
东营华大小米产业有限公司（已注销）,,"Dongying Huada Rice Industry Co., Ltd. (deregistered)",Dongying,Shandong,China,MGI,Associate
中信产业投资基金管理有限公司,,"CITIC Industrial Investment Fund Management Co., Ltd.",Shanghai,Shanghai,China,MGI,Associate
"中信证券投资有限公司 (""中信证券投资"")",,"CITIC Securities Investment Co., Ltd. (""CITIC Securities Investment"")",Hong Kong,Hong Kong,China,MGI,Associate
中原华大农业科技有限公司,,"Zhongyuan Huada Agricultural Technology Co., Ltd.",Zhongyuan,Henan,China,MGI,Associate
中国投融资担保股份有限公司,,"China Investment and Financing Guarantee Co., Ltd.",Hong Kong,Hong Kong,China,MGI,Associate
中国旅游产业基金管理有限公司,,"China Tourism Industry Fund Management Co., Ltd.",Cayman Islands,Cayman Islands,U.K.,MGI,Associate
中国黄金集团黄金珠宝股份有限公司,,"China National Gold Group Gold Jewelry Co., Ltd.",Beijing,Beijing,China,MGI,Associate
义合控股有限公司,,Yee Hop Holdings Limited,Hong Kong,Hong Kong,China,MGI,Associate
云南中汇实业投资有限公司,,"Yunnan Zhonghui Industrial Investment Co., Ltd.",Yunnan,Yunnan,China,MGI,Associate
共青城任德奇迹股权投资合伙企业（有限合伙）,,Gongqingcheng Rende Miracle Equity Investment Partnership (Limited Partnership),Gongqingcheng,Jiangxi,China,MGI,Associate
共青城奇迹浩源创业投资合伙企业（有限合伙）,,Gongqingcheng Miracle Haoyuan Venture Capital Partnership (Limited Partnership),Gongqingcheng,Jiangxi,China,MGI,Associate
内蒙古华大基因科技有限公司,,"Inner Mongolia Huada Gene Technology Co., Ltd.",Inner Mongolia,Inner Mongolia,China,MGI,Associate
北京华大基因科技有限公司,,"Beijing Huada Gene Technology Co., Ltd.",Beijing,Beijing,China,MGI,Associate
北京长木谷医疗科技有限公司,,"Beijing Changmugu Medical Technology Co., Ltd.",Beijing,Beijing,China,MGI,Associate
华大水产（香港）有限公司（BGI AQUATIC PRODUCT （HK） COMPANY LIMITED）,,BGI AQUATIC PRODUCT (HK) COMPANY LIMITED,Hong Kong,Hong Kong,China,MGI,Associate
华大精准营养（湖南）科技有限公司,,"Huada Precision Nutrition (Hunan) Technology Co., Ltd.",Hunan,Hunan,China,MGI,Associate
华大精准营养（香港）科技有限公司,,"Huada Precision Nutrition (Hong Kong) Technology Co., Ltd.",Hong Kong,Hong Kong,China,MGI,Associate
华大精准营养贸易发展（深圳）有限公司,,"Huada Precision Nutrition Trade Development (Shenzhen) Co., Ltd.",Shenzhen,Guangdong,China,MGI,Associate
华控种业科创服务（武汉）有限公司,,"Huakong Seed Innovation Service (Wuhan) Co., Ltd.",Wuhan,Hubei,China,MGI,Associate
南京三迭纪医药科技有限公司,,"Nanjing Triassic Pharmaceutical Technology Co., Ltd.",Nanjing,Jiangsu,China,MGI,Associate
埃提斯生物技术（上海）有限公司,,"Atis Biotechnology (Shanghai) Co., Ltd.",Shanghai,Shanghai,China,MGI,Associate
天津华大法医物证司法鉴定所,,Tianjin Huada Forensic Evidence Judicial Appraisal Institute,Tianjin,Tianjin,China,MGI,Associate
天津华大鉴定技术服务有限公司,,"Tianjin Huada Appraisal Technology Service Co., Ltd.",Tianjin,Tianjin,China,MGI,Associate
安阳华占种业有限公司（已注销）,,"Anyang Huazhan Seed Industry Co., Ltd. (deregistered)",Anyang,Henan,China,MGI,Associate
常州华大生命科技有限公司,,"Changzhou Huada Life Science and Technology Co., Ltd.",Changzhou,Jiangsu,China,MGI,Associate
广州华大基因科技有限公司,,"Guangzhou Huada Gene Technology Co., Ltd.",Guangzhou,Hong Kong,China,MGI,Associate
广州威溶特医药科技有限公司,,"Guangzhou Weirongte Pharmaceutical Technology Co., Ltd.",Guangzhou,Hong Kong,China,MGI,Associate
广州市康立明生物科技股份有限公司,,"Guangzhou Kangliming Biotechnology Co., Ltd.",Guangzhou,Hong Kong,China,MGI,Associate
广州市赛普特医药科技股份有限公司,,"Guangzhou Sept Medical Technology Co., Ltd.",Guangzhou,Hong Kong,China,MGI,Associate
广证领秀投资有限公司,,"Guangzheng Lingxiu Investment Co., Ltd.",Lingxiu,Fujian,China,MGI,Associate
廊坊华大基因科技有限公司,,"Langfang BGI Technology Co., Ltd.",Langfang,Hubei,China,MGI,Associate
张北华大农业综合开发有限公司,,"Zhangbei Huada Agricultural Comprehensive Development Co., Ltd.",Zhangbei,Hebei,China,MGI,Associate
彩科（苏州）生物科技有限公司,,"Caike (Suzhou) Biotechnology Co., Ltd.",Suzhou,Jiangsu,China,MGI,Associate
新疆丝路华大基因科技有限公司,,"Xinjiang Silk Road Huada Gene Technology Co., Ltd.",Xinjiang,Xinjiang,China,MGI,Associate
杭州优思达生物技术有限公司,,"Hangzhou Ustar Biotechnology Co., Ltd.",Hangzhou,Zhejiang,China,MGI,Associate
武汉华大基因鉴定技术有限公司,,"Wuhan Huada Gene Identification Technology Co., Ltd.",Wuhan,Hubei,China,MGI,Associate
武汉华大药业有限公司,,"Wuhan Huada Pharmaceutical Co., Ltd.",Wuhan,Hubei,China,MGI,Associate
武汉火眼工程科技有限公司,,"Wuhan Huoyan Engineering Technology Co., Ltd.",Wuhan,Hubei,China,MGI,Associate
河北华大基因细胞科技有限公司,,"Hebei Huada Gene Cell Technology Co., Ltd.",Hebei,Hebei,China,MGI,Associate
河南华大创新生命科技有限公司,,"Henan Huada Innovation Life Technology Co., Ltd.",Henan,Henan,China,MGI,Associate
浙江华友新能源科技有限公司,,"Zhejiang Huayou New Energy Technology Co., Ltd.",Zhejiang,Zhejiang,China,MGI,Associate
浙江星星冷链集成股份有限公司,,"Zhejiang Star Cold Chain Integration Co., Ltd.",Zheijiang,Zhejiang,China,MGI,Associate
浙江禾连网络科技有限公司,,"Zhejiang Helian Network Technology Co., Ltd.",Zhejiang,Zhejiang,China,MGI,Associate
深圳万物香茄科技有限公司,,"Shenzhen Wanwu Cigar Technology Co., Ltd.",Shenzhen,Guangdong,China,MGI,Associate
深圳华大万物科技有限公司,,"Shenzhen Huada Everything Technology Co., Ltd.",Shenzhen,Guangdong,China,MGI,Associate
深圳华大云谷科技有限公司,,"Shenzhen Huada Cloud Valley Technology Co., Ltd.",Shenzhen,Guangdong,China,MGI,Associate
深圳华大基因产业投资基金管理有限公司,"Shenzhen BGI Industrial Investment Fund Management Co., Ltd.","Shenzhen Huada Gene Industry Investment Fund Management Co., Ltd.",Shenzhen,Guangdong,China,MGI,Associate
深圳华大基因农业控股有限公司,"BGI Agriculture Holding Co., Ltd. (""BGI-Agro"")","Shenzhen Huada Gene Agriculture Holdings Co., Ltd.",Shenzhen,Guangdong,China,MGI,Associate
深圳华大基因医院管理控股有限公司,,"Shenzhen BGI Hospital Management Holdings Co., Ltd.",Shenzhen,Guangdong,China,MGI,Associate
深圳华大基因家园建设发展有限公司,,"Shenzhen Huada Gene Home Construction Development Co., Ltd.",Shenzhen,Guangdong,China,MGI,Associate
深圳华大基因物流有限公司,,"Shenzhen BGI Logistics Co., Ltd.",Shenzhen,Guangdong,China,MGI,Associate
深圳华大基因生物医疗有限公司,,"Shenzhen Huada Gene Biomedical Co., Ltd.",Shenzhen,Guangdong,China,MGI,Associate
深圳华大基因药业投资有限公司,,"Shenzhen Huada Gene Pharmaceutical Investment Co., Ltd.",Shenzhen,Guangdong,China,MGI,Associate
"深圳华大基因融资租赁有限公司 (""深圳融资租赁"")",,"Shenzhen BGI Financial Leasing Co., Ltd. (""Shenzhen Financial Leasing"")",Shenzhen,Guangdong,China,MGI,Associate
深圳华大方舟生物技术有限公司,,"Shenzhen Huada Ark Biotechnology Co., Ltd.",Shenzhen,Guangdong,China,MGI,Associate
深圳华大研究发展有限公司,,"Shenzhen Huada Research and Development Co., Ltd.",Shenzhen,Guangdong,China,MGI,Associate
深圳华大科技产业发展有限公司,,"Shenzhen Huada Technology Industry Development Co., Ltd.",Shenzhen,Guangdong,China,MGI,Associate
深圳华大科技企业管理有限公司,,"Shenzhen Huada Technology Enterprise Management Co., Ltd.",Shenzhen,Guangdong,China,MGI,Associate
深圳华大绿倍投资合伙企业（有限合伙）,,Shenzhen Huada Lubei Investment Partnership (Limited Partnership),Shenzhen,Guangdong,China,MGI,Associate
深圳华盈科技管理有限公司,,"Shenzhen Huaying Technology Management Co., Ltd.",Shenzhen,Guangdong,China,MGI,Associate
深圳吉诺因生物科技合伙企业（有限合伙）,,Shenzhen Genoyin Biotechnology Partnership (Limited Partnership),Shenzhen,Guangdong,China,MGI,Associate
深圳吉诺因生物科技有限公司,,"Shenzhen Genoin Biotechnology Co., Ltd.",Shenzhen,Guangdong,China,MGI,Associate
深圳奇迹之光创业投资企业（有限合伙）,,Shenzhen Miracle Light Venture Capital Enterprise (Limited Partnership),Shenzhen,Guangdong,China,MGI,Associate
深圳奇迹股权投资企业（有限合伙）,,Shenzhen Miracle Equity Investment Enterprise (Limited Partnership),Shenzhen,Guangdong,China,MGI,Associate
"深圳家华企业管理合伙企业（有限合伙）(""深圳家华"")",,"Shenzhen Jiahua Enterprise Management Partnership (Limited Partnership) (""Shenzhen Jiahua"")",Shenzhen,Guangdong,China,MGI,Associate
深圳市乐鹏嘉园文化创意有限公司,,"Shenzhen Le Peng Jia Yuan Cultural and Creative Co., Ltd.",Shenzhen,Guangdong,China,MGI,Associate
深圳市生命科技产学研资联盟,,Shenzhen Life Science and Technology Industry-University-Research Funding Alliance,Shenzhen,Guangdong,China,MGI,Associate
深圳市禾沐同行科技合伙企业（有限合伙）,,Shenzhen Hemu Peer Technology Partnership (Limited Partnership),Shenzhen,Guangdong,China,MGI,Associate
深圳市禾沐基因生物技术有限责任公司,,"Shenzhen Hemu Gene Biotechnology Co., Ltd.",Shenzhen,Guangdong,China,MGI,Associate
深圳市科瑞达生物技术有限公司,,"Shenzhen Kerida Biotechnology Co., Ltd.",Shenzhen,Guangdong,China,MGI,Associate
"深圳市罗伯医疗科技有限公司 (""罗伯医疗"")",,"Shenzhen Rob Medical Technology Co., Ltd. (""Robo Medical"")",Shenzhen,Guangdong,China,MGI,Associate
深圳智华企业管理合伙企业（有限合伙）,,Shenzhen Zhihua Enterprise Management Partnership (Limited Partnership),Shenzhen,Guangdong,China,MGI,Associate
"深圳研华企业管理合伙企业（有限合伙）(""深圳研华"")",,"Shenzhen Advantech Enterprise Management Partnership (Limited Partnership) (""Shenzhen Advantech"")",Shanghai,Shanghai,China,MGI,Associate
"深圳研家企业管理合伙企业（有限合伙）(""深圳研家"")",,"Shenzhen Yanjia Enterprise Management Partnership (Limited Partnership) (""Shenzhen Yanjia"")",Shenzhen,Guangdong,China,MGI,Associate
"深圳研智企业管理合伙企业（有限合伙）(""深圳研智"")",,"Shenzhen Yanzhi Enterprise Management Partnership (Limited Partnership) (""Shenzhen Yanzhi"")",Shenzhen,Guangdong,China,MGI,Associate
深圳裕泰抗原科技有限公司,,"Shenzhen Yutai Antigen Technology Co., Ltd.",Shenzhen,Guangdong,China,MGI,Associate
深圳裕策生物科技有限公司及其与发行人有交易的全资子公司,,"Shenzhen Yuce Biotechnology Co., Ltd. and its wholly-owned subsidiaries that have transactions with the issuer",Shenzhen,Guangdong,China,MGI,Associate
深圳邮银华大生命产业股权投资母基金（有限合伙）,Shenzhen Postal Savings Bank of China-Huada Life Science Industry Equity Investment Fund of Funds (Limited Partnership),Shenzhen Post Bank Huada Life Industry Equity Investment Fund of Funds (Limited Partnership),Shenzhen,Guangdong,China,MGI,Associate
湖北华大江声科技有限公司,,"Hubei Huada Jiangsheng Technology Co., Ltd.",Hubei,Hubei,China,MGI,Associate
湖南华大基因科技有限公司,,"Hunan Huada Gene Technology Co., Ltd.",Hunan,Hunan,China,MGI,Associate
湖南华湘丰农业科技有限公司,,"Hunan Huaxiangfeng Agricultural Technology Co., Ltd.",Hunan,Hunan,China,MGI,Associate
湖南钢铁集团有限公司,,"Hunan Iron and Steel Group Co., Ltd.",Hunan,Hunan,China,MGI,Associate
爱博物（北京）国际教育科技有限公司,,"Aibowu (Beijing) International Education Technology Co., Ltd.",Beijing,Beijing,China,MGI,Associate
爱玛科技集团股份有限公司,,"Emma Technology Group Co., Ltd.",Tianjin,Tianjin,China,MGI,Associate
禾沐基因（香港）阿尔法科技有限公司,,"Hemu Gene (Hong Kong) Alpha Technology Co., Ltd.",Hong Kong,Hong Kong,China,MGI,Associate
茂业国际控股有限公司,,Maoye International Holdings Limited,Shenzhen,Guangdong,China,MGI,Associate
蓝色彩虹（深圳）科技有限公司,,"Blue Rainbow (Shenzhen) Technology Co., Ltd.",Shenzhen,Guangdong,China,MGI,Associate
西安华大基因创新科技有限公司,,"Xi'an BGI Innovation Technology Co., Ltd.",Xi'An,Shaanxi,China,MGI,Associate
西安奕斯伟材料科技有限公司,,"Xi'an Yisiwei Material Technology Co., Ltd.",Xi'An,Shaanxi,China,MGI,Associate
西藏华大运动科技有限公司,,"Tibet Huada Sports Technology Co., Ltd.",Tibet,Xizang,China,MGI,Associate
"西藏家华创业投资合伙企业（有限合伙）(""西藏家华"")",,Tibet Jiahua Venture Capital Partnership (Limited Partnership) (“Tibet Jiahua”),Tibet,Xizang,China,MGI,Associate
"西藏智研创业投资合伙企业（有限合伙）(""西藏智研"")",,Tibet Zhiyan Venture Capital Partnership (Limited Partnership) (“Tibet Zhiyan”),Tibet,Xizang,China,MGI,Associate
西藏银湖基因科技有限公司,,"Tibet Yinhu Gene Technology Co., Ltd.",Tibet,Xizang,China,MGI,Associate
赛领国际投资基金（上海）有限公司,,"Sailing International Investment Fund (Shanghai) Co., Ltd.",Shanghai,Shanghai,China,MGI,Associate
陕西西咸新区华大法医司法鉴定所,,Shaanxi Xixian New District Huada Forensic Judicial Appraisal Institute,Xi'An,Shaanxi,China,MGI,Associate
青岛中德华大健康科技有限公司,,"Qingdao Zhongde Huada Health Technology Co., Ltd.",Qingdao,Shandong,China,MGI,Associate
青岛中德华大细胞科技有限责任公司,,"Qingdao Zhongde Huada Cell Technology Co., Ltd.",Qingdao,Shandong,China,MGI,Associate
青岛众惠亿康健康管理有限公司,,"Qingdao Zhonghui Yikang Health Management Co., Ltd.",Qingdao,Shandong,China,MGI,Associate
青岛金石灏汭投资有限公司,"Qingdao GoldStone Haorui Investment Co., Ltd.","Qingdao Goldstone Haorui Investment Co., Ltd.",Qingdao,Shandong,China,MGI,Associate
"BGI-LAOS Co., LTD",,"BGI-LAOS Co., LTD",,Laos,Laos,MGI,Associate
BGI Research Foundation Latvia,,BGI Research Foundation Latvia,,Latvia,Latvia,MGI,Associate
"BGI Thailand Company Limited (""泰国华大"")",,"BGI Thailand Company Limited (""BGI Thailand"")",,Thailand,Thailand,MGI,Associate
BGI Research Foundation UK,,BGI Research Foundation UK,,United Kingdom,U.K.,MGI,Associate
Citron PE Holdings Limited,,Citron PE Holdings Limited,Cayman,Cayman Islands,U.K.,MGI,Associate
CS Regal Holding Limited,,CS Regal Holding Limited,British Virgin Islands,British Virgin Islands,U.K.,MGI,Associate
CSI Capricornus Limited,,CSI Capricornus Limited,British Virgin Islands,British Virgin Islands,U.K.,MGI,Associate
Jupiter Connection Limited,,Jupiter Connection Limited,British Virgin Islands,British Virgin Islands,U.K.,MGI,Associate
Neptune Connection Limited,,Neptune Connection Limited,British Virgin Islands,British Virgin Islands,U.K.,MGI,Associate
Pluto Connection Limited,,Pluto Connection Limited,British Virgin Islands,British Virgin Islands,U.K.,MGI,Associate
Uranus Connection Limited,,Uranus Connection Limited,British Virgin Islands,British Virgin Islands,U.K.,MGI,Associate
Genolmmune USA Inc,,Genolmmune USA Inc,,United States of America,U.S.A.,MGI,Associate
Gstone Investment International Limited （已注销）,,Gstone Investment International Limited (deregistered),British Virgin Islands,British Virgin Islands,U.K.,MGI,Associate
"深圳华大智造销售有限公司上海分公司(""智造销售上海分公司"")",,"Shenzhen Huada Intelligent Manufacturing Sales Co., Ltd. Shanghai Branch (""Intelligent Manufacturing Sales Shanghai Branch"")",Shanghai,Shanghai,China,MGI,Branch
"深圳华大智造销售有限公司北京分公司 (""智造销售北京分公司"")",,"Shenzhen Huada Intelligent Manufacturing Sales Co., Ltd. Beijing Branch (""Intelligent Manufacturing Sales Beijing Branch"")",Beijing,Beijing,China,MGI,Branch
"深圳华大智造销售有限公司广州分公司(""智造销售广州分公司"")",,"Shenzhen Huada Intelligent Manufacturing Sales Co., Ltd. Guangzhou Branch (""Intelligent Manufacturing Sales Guangzhou Branch"")",Guangzhou,Hong Kong,China,MGI,Branch
"深圳华大智造销售有限公司杭州分公司(""智造销售杭州分公司"")",,"Shenzhen Huada Intelligent Manufacturing Sales Co., Ltd. Hangzhou Branch (""Intelligent Manufacturing Sales Hangzhou Branch"")",Shenzhen,Guangdong,China,MGI,Branch
"深圳华大智造销售有限公司武汉分公司(""智造销售武汉分公司"")",,"Shenzhen Huada Intelligent Manufacturing Sales Co., Ltd. Wuhan Branch (""Intelligent Manufacturing Sales Wuhan Branch"")",Wuhan,Hubei,China,MGI,Branch
"深圳市华大智造软件技术有限公司上海分公司 (""深圳软件上海分公司"")",,"Shenzhen Huada Zhizao Software Technology Co., Ltd. Shanghai Branch (""Shenzhen Software Shanghai Branch"")",Shanghai,Shanghai,China,MGI,Branch
"深圳市华大智造软件技术有限公司北京分公司(""深圳软件北京分公司"")",,"Shenzhen Huada Zhizao Software Technology Co., Ltd. Beijing Branch (""Shenzhen Software Beijing Branch"")",Beijing,Beijing,China,MGI,Branch
"深圳市华大智造软件技术有限公司广州分公司(""深圳软件广州分公司"")",,"Shenzhen BGI Software Technology Co., Ltd. Guangzhou Branch (""Shenzhen Software Guangzhou Branch"")",Shenzhen,Guangdong,China,MGI,Branch
"MGI Tech R&D HONG KONG CO., LIMITED 华大智造香港研发中心有限公司(""MGI Tech"")",,"MGI Tech R&D HONG KONG CO., LIMITED (""MGI Tech"")",Hong Kong,Hong Kong,China,MGI,Subsidiary
"南京智茂生命科学仪器研究院有限公司(""南京智茂"")",,"Nanjing Zhimao Life Science Instrument Research Institute Co., Ltd. (""Nanjing Zhimao"")",Nanjing,Jiangsu,China,MGI,Subsidiary
"MGI AUSTRALIA PTY LTD(""澳大利亚智造"")",,"MGI AUSTRALIA PTY LTD (""Made in Australia"")",Herston,Australia,Australia,MGI,Subsidiary
"MGI BRASIL LTDA (""巴西智造"")",,"MGI BRASIL LTDA (""Made in Brazil"")",Sao Paulo,Brazil,Brazil,MGI,Subsidiary
MGI Sales Canada Ltd.,,MGI Sales Canada Ltd.,Montreal,Canada,Canada,MGI,Subsidiary
"CGI Hong Kong Co. Limited华大智造香港有限公司(""HK Co."")",,"CGI Hong Kong Co. Limited (""HK Co."")",Hong Kong,Hong Kong,China,MGI,Subsidiary
"CPE Investment Hong Kong 2018 Limited (""CPE"")",,"CPE Investment Hong Kong 2018 Limited (""CPE"")",Hong Kong,Hong Kong,China,MGI,Subsidiary
"EGI HONG KONG CO., LIMITED香港华大智造极创有限公司(""EGI HK"")",,"EGI HONG KONG CO., LIMITED (""EGI HK"")",Hong Kong,Hong Kong,China,MGI,Subsidiary
"MGI Innovation Co., Limited (""MGI Innovation"")",,"MGI Innovation Co., Limited (""MGI Innovation"")",Hong Kong,Hong Kong,China,MGI,Subsidiary
"MGI International Sales Co., Limited (""MGI International Sales"")",,"MGI International Sales Co., Limited (""MGI International Sales"")",Hong Kong,Hong Kong,China,MGI,Subsidiary
"MGI Tech HONG KONG CO., LIMITED 香港华大智造医疗设备有限公司(""MGI HK"")",,"MGI Tech HONG KONG CO., LIMITED Hong Kong MGI Medical Equipment Co., Ltd. (""MGI HK"")",Hong Kong,Hong Kong,China,MGI,Subsidiary
"上海华大智造科技有限公司(""上海智造"")",,"Shanghai Huada Intelligent Manufacturing Technology Co., Ltd. (""Shanghai Intelligent Manufacturing"")",Shanghai,Shanghai,China,MGI,Subsidiary
"基点生物科技（上海）有限公司 (""基点生物"")",,"Genepoint Biotechnology (Shanghai) Co., Ltd. (""Genepoint Biotechnology"")",Shanghai,Shanghai,China,MGI,Subsidiary
"昆山华大云影医疗机器人有限公司(""昆山机器人"")",,"Kunshan Huada Yunying Medical Robot Co., Ltd. (""Kunshan Robot"")",Jiangsu,Jiangsu,China,MGI,Subsidiary
"武汉华大智造生物工程有限公司(""武汉生物"")",,"Wuhan Huada Zhizao Bioengineering Co., Ltd. (""Wuhan Biology"")",Wuhan,Hubei,China,MGI,Subsidiary
武汉华大智造科技有限公司（”武汉智造”）,"Wuhan MGI Tech Co., Ltd.","Wuhan Huada Intelligent Manufacturing Technology Co., Ltd. (“Wuhan Intelligent Manufacturing”)",Wuhan,Hubei,China,MGI,Subsidiary
"海南华大智造云影软件技术有限公司(""海南云影"")",,"Hainan Huada Zhizao Yunying Software Technology Co., Ltd. (""Hainan Yunying"")",Hainan,Hainan,China,MGI,Subsidiary
"海南华大智造科技有限公司(""海南智造"")",,"Hainan Huada Intelligent Manufacturing Technology Co., Ltd. (""Hainan Intelligent Manufacturing"")",Hainan,Hainan,China,MGI,Subsidiary
"深圳华大智造云影医疗科技有限公司(""深圳云影"")",,"Shenzhen Huada Zhizao Yunying Medical Technology Co., Ltd. (""Shenzhen Yunying"")",Shenzhen,Guangdong,China,MGI,Subsidiary
"深圳华大智造极创科技有限公司(""深圳极创"")",,"Shenzhen Huada Zhizao Jichuang Technology Co., Ltd. (""Shenzhen Jichuang"")",Shenzhen,Guangdong,China,MGI,Subsidiary
"深圳华大智造生物电子科技有限公司(""深圳生物"")",,"Shenzhen Huada Zhizao Bioelectronic Technology Co., Ltd. (""Shenzhen Bio"")",Shenzhen,Guangdong,China,MGI,Subsidiary
"深圳华大智造销售有限公司(""智造销售"")",,"Shenzhen Huada Intelligent Manufacturing Sales Co., Ltd. (""Intelligent Manufacturing Sales"")",Shenzhen,Guangdong,China,MGI,Subsidiary
"深圳市华大智造软件技术有限公司(""深圳软件"")",,"Shenzhen Huada Zhizao Software Technology Co., Ltd. (""Shenzhen Software"")",Shenzhen,Guangdong,China,MGI,Subsidiary
"湖南华大戴纳智造科技有限公司(""戴纳智造"")",,"Hunan Huada Dyna Smart Manufacturing Technology Co., Ltd. (""Dyna Smart Manufacturing"")",Hunan,Hunan,China,MGI,Subsidiary
"湖南益阳华大智造科技有限公司(""益阳智造"")",,"Hunan Yiyang Huada Intelligent Manufacturing Technology Co., Ltd. (""Yiyang Intelligent Manufacturing"")",Hunan,Hunan,China,MGI,Subsidiary
"西藏华瞻创业投资有限公司(""华瞻创投"")",,"Tibet Huazhan Venture Capital Co., Ltd. (""Huazhan Venture Capital"")",Tibet,Xizang,China,MGI,Subsidiary
"长春长光华大智造测序设备有限公司(""长光华大"")",,"Changchun Changguang Huada Intelligent Manufacturing Sequencing Equipment Co., Ltd. (""Changguang Huada"")",Changchun,Jilin,China,MGI,Subsidiary
青岛华大智造普惠科技有限公司（“青岛普惠”）,,"Qingdao Huada Zhizao Puhui Technology Co., Ltd. (“Qingdao Puhui”)",Qingdao,Shandong,China,MGI,Subsidiary
"青岛华大智造极创科技有限公司(""青岛极创"")",,"Qingdao Huada Zhichuang Jichuang Technology Co., Ltd. (""Qingdao Jichuang"")",Qingdao,Shandong,China,MGI,Subsidiary
"青岛华大智造科技有限责任公司(""青岛智造"")",,"Qingdao Huada Zhizao Technology Co., Ltd. (""Qingdao Zhizao"")",Qingdao,Shandong,China,MGI,Subsidiary
"青岛华澳智存生物医疗有限责任公司(""青岛华澳"")",,"Qingdao Huaao Zhicun Biomedical Co., Ltd. (""Qingdao Huaao"")",Qingdao,Shandong,China,MGI,Subsidiary
"MGI Tech FR, SARL (""法国智造"")",,"MGI Tech FR, SARL (""Made in France"")",Paris,France,France,MGI,Subsidiary
"MGI Tech GmbH (""德国智造"")",,"MGI Tech GmbH (""Made in Germany"")",Wehrheim,Germany,Germany,MGI,Subsidiary
"MGI Tech Japan 株式会社 (""日本智造"")",,"MGI Tech Japan Co., Ltd. (""Japan Intellectual Manufacturing"")",Tokyo,Japan,Japan,MGI,Subsidiary
"MGI TECH KOREA CO., LTD.(""韩国智造"")",,"MGI TECH KOREA CO., LTD. (""Made in Korea"")",Gagnam,Korea,Korea,MGI,Subsidiary
"Latvia MGI Tech SIA (""拉脱维亚智造"")",,"Latvia MGI Tech SIA (""Made in Latvia"")",Marupes County,Latvia,Latvia,MGI,Subsidiary
"MGI Tech Rus Limited Liability Company (""俄罗斯智造"")",,"MGI Tech Rus Limited Liability Company (""Made in Russia"")",Moscow,Russia,Russia,MGI,Subsidiary
"MGI TECH SINGAPORE PTE. LTD.(""MGI Singapore"")",,"MGI TECH SINGAPORE PTE. LTD.(""MGI Singapore"")",Nucleos,Singapore,Singapore,MGI,Subsidiary
"CHD Biotech Co invest Limited (""CHC"")",,"CHD Biotech Co invest Limited (""CHC"")",British Virgin Islands,British Virgin Islands,U.K.,MGI,Subsidiary
"MGI TECH UK LTD (""英国智造"")",,"MGI TECH UK LTD (""Made in Britain"")",London,United Kingdom,U.K.,MGI,Subsidiary
"Complete Genomics Inc. (""CG US"")",,"Complete Genomics Inc. (""CG US"")",San Jose,United States of America,U.S.A.,MGI,Subsidiary
"EGI USA Inc.(""EGI US"")",,"EGI USA Inc.(""EGI US"")",San Jose,United States of America,U.S.A.,MGI,Subsidiary
"MGI Americas Inc (""美洲智造"")",,"MGI Americas Inc (""MGI Americas"")",San Jose,United States of America,U.S.A.,MGI,Subsidiary
"MGI Tech Middle East DMCC (""迪拜智造"")",,"MGI Tech Middle East DMCC (""Made in Dubai"")",Dubai,United Arab Emirates,United Arab Emirates,MGI,Subsidiary
"深圳华大智造控股有限公司 (""智造控股"")",,"Shenzhen Huada Intelligent Manufacturing Holdings Co., Ltd. (""Intelligent Manufacturing Holdings"")",Shenzhen,Guangdong,China,MGI Holdings,Primary Company
"深圳华大智造科技股份有限公司（“华大智造”）(""深圳华大智造科技有限公司"")","MGI Tech Co., Ltd. (""MGI"")","Shenzhen MGI Technology Co., Ltd. (“MGI”) (“Shenzhen MGI Technology Co., Ltd.”)",Shenzhen,Guangdong,China,MGI Tech,Primary Company
上海景林景麒投资中心(有限合伙)(“上海景林”),Shanghai Greenwoods Jingqi Investment Center (Limited Partnership),"Shanghai Jinglin Jingqi Investment Center (Limited Partnership) (""Shanghai Jinglin"")",Shanghai,Shanghai,China,Other,Other
北京吉因加科技有限公司,,"Beijing Jiyinga Technology Co., Ltd.",Beijing,Beijing,China,Other,Other
北京雅惠乾沣股权投资合伙企业(有限合伙),,Beijing Yahui Qianfeng Equity Investment Partnership (Limited Partnership),Beijing,Beijing,China,Other,Other
厦门华大吉比爱科学仪器有限公司,,"Xiamen Huada Jibiai Scientific Instruments Co., Ltd.",Xiamen,Fujian,China,Other,Other
厦门源峰股权投资基金合伙企业(有限合伙),,Xiamen Yuanfeng Equity Investment Fund Partnership (Limited Partnership),Xiamen,Fujian,China,Other,Other
广州市松禾医健创业投资合伙企业 (有限合伙),,Guangzhou Songhe Medical Jian Entrepreneurship Investment Partnership (Limited Partnership),Guangzhou,Hong Kong,China,Other,Other
深圳华大基因股份有限公司深圳华大优康门诊部,,"Shenzhen BGI Co., Ltd. Shenzhen BGI Youkang Clinic",Shenzhen,Guangdong,China,Other,Other
苏州工业园区薄荷二期创业投资合伙企业(有限合伙),,Suzhou Industrial Park Mint Phase II Venture Capital Partnership (Limited Partnership),Suzhou,Jiangsu,China,Other,Other
苏州工业园区薄荷创业投资合伙企业(有限合伙),,Suzhou Industrial Park Mint Venture Capital Partnership (Limited Partnership),Suzhou,Jiangsu,China,Other,Other
辽宁何氏眼科医院集团股份有限公司 ,,"Liaoning He Eye Hospital Group Co., Ltd.",,Liaoning,China,Other,Other
香港华大基因科技服务有限公司,,"Hong Kong Huada Gene Technology Service Co., Ltd.",Hong Kong,Hong Kong,China,Other,Other
华大基因健康科技(香港)有限公司,,"Huada Gene Health Technology (Hong Kong) Co., Ltd.",Hong Kong,Hong Kong,China,Other,Other
青岛华大共赢二号创业投资基金合伙企业(有限合伙),,Qingdao Huada Win No. 2 Venture Investment Fund Partnership (Limited Partnership),Qingdao,Shandong,China,Other,Other
深圳市高新投融资担保有限公司,,"Shenzhen High-tech Investment and Financing Guarantee Co., Ltd.",Shenzhen,Guangdong,China,Other,Other
深圳担保集团有限公司,,"Shenzhen Guarantee Group Co., Ltd.",Shenzhen,Guangdong,China,Other,Other
深圳生华投资企业（有限合伙）,Shenzhen Shenghua Investment Enterprise (Limited Partnership),Shenzhen Shenghua Investment Enterprise (Limited Partnership),Shenzhen,Guangdong,China,Other,Other
交通银行股份有限公司—万家行业优选混合型证券投资基金 (LOF),"Bank of Communications Co., Ltd. — Wanjia Industry Preferred Hybrid Securities Investment Fund (Listed Open-Ended Fund [LOF])","Bank of Communications Co., Ltd.—Wanjia Industry Preferred Hybrid Securities Investment Fund (LOF)",Shanghai,Shanghai,China,Other,Other
香港中央结算有限公司,Hong Kong Securities Clearing Company Limited,Hong Kong Securities Clearing Company Limited,Hong Kong,Hong Kong,China,Other,Other
中国银行股份有限公司—招商国证生物医药指数分级证券投资基金,Bank of China Limited — China Merchants CNI Biomedical Index Hierarchical Securities Investment Fund,"Bank of China Co., Ltd.—China Merchants National Securities Biomedical Index Graded Securities Investment Fund",Beijing,Beijing,China,Other,Other
中国银行股份有限公司—华宝中证医疗交易型开放式指数证券投资基金,Bank of China Limited — Hwabao CSI Medical Exchange-Traded Securities Index Investment Fund,"Bank of China Co., Ltd.—Hwabao CSI Medical Exchange-traded Open-End Index Securities Investment Fund",Beijing,Beijing,China,Other,Other
中国农业银行股份有限公司—万家创业板 2 年定期开放混合型证券投资基金,"Agricultural Bank of China Co., Ltd. — Wanjia ChiNext 2-Year Fixed Traded Hybrid Securities Investment Fund","Agricultural Bank of China Co., Ltd.-Wanjia GEM 2-year regularly open hybrid securities investment fund",Beijing,Beijing,China,Other,Other
招商银行股份有限公司—万家经济新动能混合型证券投资基金,"China Merchants Bank Co., Ltd. — Wanjia Economic New Dynamism Hybrid Securities Investment Fund","China Merchants Bank Co., Ltd.—Wanjia Economic New Momentum Hybrid Securities Investment Fund",Szhenghen,Guangdong,China,Other,Other
上海腾希投资合伙企业(有限合伙)(“上海腾希”),Shanghai Tengxi Investment Partnership (Limited Partnership),"Shanghai Tengxi Investment Partnership (Limited Partnership) (""Shanghai Tengxi"")",Shanghai,Shanghai,China,Other,Other
深圳市华弘资本管理有限公司(“华弘资本”),"Shenzhen Huahong Capital Management Co., Ltd.","Shenzhen Huahong Capital Management Co., Ltd. (""Huahong Capital"")",Shenzhen,Guangdong,China,Other,Other
中金佳成(天津)医疗投资中心(有限合伙),CICC Jiacheng (Tianjin) Medical Investment Center (Limited Partnership),CICC Jiacheng (Tianjin) Medical Investment Center (Limited Partnership),Tianjin,Tianjin,China,Other,Other
深圳市南海成长创赢投资合伙企业(有限合伙)(“南海成长”),Shenzhen Nanhai Growth Chuangying Investment Partnership (Limited Partnership),"Shenzhen Nanhai Growth Investment Partnership (Limited Partnership) (""Nanhai Growth"")",Shenzhen,Guangdong,China,Other,Other
苏州软银天维创业投资合伙企业(有限合伙),Suzhou SoftBank Tianwei Venture Capital Partnership (Limited Partnership),Suzhou Softbank Tianwei Venture Capital Partnership (Limited Partnership),Suzhou,Jiangsu,China,Other,Other
上海国和现代服务业股权投资基金合伙企业(有限合伙),Shanghai Guohe Modern Service Industry Equity Fund Partnership (Limited Partnership),Shanghai Guohe Modern Service Industry Equity Investment Fund Partnership (Limited Partnership),Shanghai,Shanghai,China,Other,Other
深圳市盛桥新领域投资合伙企业(有限合伙),Shenzhen Sunbridge New Areas Investment Partnership (Limited Partnership),Shenzhen Shengqiao New Area Investment Partnership (Limited Partnership),Shenzhen,Guangdong,China,Other,Other
北京荣之联科技股份有限公司,"Beijing Rongzhilian Technology Co., Ltd.","Beijing Rongzhilian Technology Co., Ltd.",Beijing,Beijing,China,Other,Other
深圳市红土生物创业投资有限公司(“深圳红土”),"Shenzhen Hongtu Biological Venture Capital Co., Ltd.","Shenzhen Hongtu Biological Venture Capital Co., Ltd. (""Shenzhen Hongtu"")",Shenzhen,Guangdong,China,Other,Other
深圳市创新投资集团有限公司,"Shenzhen Capital Group Co., Ltd.","Shenzhen Innovation Investment Group Co., Ltd.",Shenzhen,Guangdong,China,Other,Other
成都光控西部创业投资有限公司(“成都光控”),"Chengdu Everbright Western Venture Capital Co., Ltd.","Chengdu Guangkong Western Venture Capital Co., Ltd. (""Chengdu Guangkong"")",Chengdu,Sichuan,China,Other,Other
苏州松禾成长二号创业投资中心 (有限合伙),Suzhou Green Pine Growth Phase II Venture Capital Center (Limited Partnership),Suzhou Songhe Growth No. 2 Venture Capital Center (Limited Partnership),Suzhou,Jiangsu,China,Other,Other
北京国投协力华大股权投资中心(有限合伙),Beijing SDIC Xieli Huada Equity Investment Center (Limited Partnership),Beijing SDIC Cooperation with Huada Equity Investment Center (Limited Partnership),Beijing,Beijing,China,Other,Other
深圳乐华源城投资有限公司,"Shenzhen Roha Yuancheng Investment Co., Ltd.","Shenzhen Lehua Yuancheng Investment Co., Ltd.",Shenzhen,Guangdong,China,Other,Other
深圳市金翼汇顺健康产业投资合伙企业(有限合伙),Shenzhen Jinyi Huishun Health Industry Investment Partnership (Limited Partnership),Shenzhen Jinyi Huishun Health Industry Investment Partnership (Limited Partnership),Shenzhen,Guangdong,China,Other,Other
深圳国华腾飞创新投资基金企业(有限合伙),Shenzhen Guohua Tenghui Innovation Fund (Limited Partnership),Shenzhen Guohua Tengfei Innovation Investment Fund Enterprise (Limited Partnership),Shenzhen,Guangdong,China,Other,Other
深圳市有孚创业投资企业(有限合伙),Shenzhen Youfu Venture Capital Partnership (Limited Partnership),Shenzhen Youfu Venture Capital Enterprise (Limited Partnership),Shenzhen,Guangdong,China,Other,Other
北京丰悦泰和股权投资合伙企业(有限合伙),Beijing Fengyue Taihe Equity Investment Partnership (Limited Partnership),Beijing Fengyue Taihe Equity Investment Partnership (Limited Partnership),Beijing,Beijing,China,Other,Other
萍乡市汇晟资产管理合伙企业(有限合伙)（名称已变更）,Pingxiang Huisheng Asset Management Partnership (Limited Partnership),Pingxiang Huisheng Asset Management Partnership (Limited Partnership) (name has been changed),Zunyi,Guizhou,China,Other,Other
深圳春藤股权投资合伙企业(有限合伙),Shenzhen Ivy Equity Investment Partnership (Limited Partnership),Shenzhen Ivy Equity Investment Partnership (Limited Partnership),Shenzhen,Guangdong,China,Other,Other
深圳市东土盛唐投资管理合伙企业(有限合伙),Power China (Shenzhen) Fortune Investment Management Partnership (Limited Partnership),Shenzhen Dongtu Shengtang Investment Management Partnership (Limited Partnership),Shenzhen,Guangdong,China,Other,Other
深圳市盛桥新健康投资合伙企业(有限合伙),Shenzhen Sunbridge New Health Investment Partnership (Limited Partnership),Shenzhen Shengqiao New Health Investment Partnership (Limited Partnership),Shenzhen,Guangdong,China,Other,Other
中国人寿保险（集团）公司,China Life Insurance (Group) Company,China Life Insurance (Group) Company,Beijing,Beijing,China,Other,Other
深圳市深港产学研创业投资有限公司,"Shenzhen Shenzhen-Hong Kong Industry-Education-Research Venture Capital Co., Ltd.","Shenzhen Shenzhen-Hong Kong Industry-Academy-Research Venture Capital Co., Ltd.",Shenzhen,Guangdong,China,Other,Other
陕西华大瑞尔科技有限公司,"Shaanxi Huada Riel Technology Co., Ltd.","Shaanxi Huada Ruier Technology Co., Ltd.",Baoji,Shaanxi,China,Other,Other
河源巴伐利亚健康管理有限公司,"Heyuan Bavaria Health Management Co., Ltd.","Heyuan Bavaria Health Management Co., Ltd.",Heyuan,Guangdong,China,Other,Other
湖南湘江新区发展集团有限公司（“湘江发展集团”）,"Hunan Xiangjiang New Area Development Group Co., Ltd.","Hunan Xiangjiang New Area Development Group Co., Ltd. (""Xiangjiang Development Group"")",Changsha,Hunan,China,Other,Other
泸州医疗投资管理有限公司,"Luzhou Medical Investment Management Co., Ltd.","Luzhou Medical Investment Management Co., Ltd.",Luzhou,Sichuan,China,Other,Other
宝鸡市蟠龙新区开发建设有限公司,"Baoji Panlong New Area Development and Construction Co., Ltd.","Baoji Panlong New District Development and Construction Co., Ltd.",Baoji,Shaanxi,China,Other,Other
临沂东部生态城发展有限公司,"Linyi Eastern Eco-City Development Co., Ltd.","Linyi Eastern Eco-city Development Co., Ltd.",Linyi,Shandong,China,Other,Other
仁宏医药有限公司,"Ren Hong Pharmaceutical Co., Ltd.","Renhong Pharmaceutical Co., Ltd.",Linyi,Shandong,China,Other,Other
上海嘉中投资管理咨询有限公司,"Shanghai GFC Consulting Co., Ltd.","Shanghai Jiazhong Investment Management Consulting Co., Ltd.",Shanghai,Shanghai,China,Other,Other
杭州每刻科技有限公司,"Hangzhou Maycur Technology Co., Ltd.","Hangzhou Meike Technology Co., Ltd.",Hangzhou,Zhejiang,China,Other,Other
广州中健云康创业投资合伙企业(有限合伙),Concare (Guangzhou) Venture Capital Partnership (Limited Partnership),Guangzhou Zhongjian Yunkang Venture Capital Partnership (Limited Partnership),Guangzhou,Guangdong,China,Other,Other
深圳前海华大基因投资企业(有限合伙)，后更名为深圳生华投资企业(有限合伙)（“生华投资”）,Shenzhen Qianhai BGI Investment Enterprise (Limited Partnership),"Shenzhen Qianhai BGI Investment Enterprise (Limited Partnership), later renamed Shenzhen Shenghua Investment Enterprise (Limited Partnership) (""Shenghua Investment"")",Shenzhen,Guangdong,China,Other,Other
深圳华大临床检验中心,"BGI Clinical Laboratories (ShenZhen) Co., Ltd.",Shenzhen BGI Clinical Laboratory Center,Shenzhen,Guangdong,China,Other,Other
深圳华大基因股份有限公司—第一期员工持股计划,"BGI Genomics Co., Ltd. — Phase I Employee Shareholding Plan","Shenzhen BGI Co., Ltd.—First Phase Employee Stock Ownership Plan",Shenzhen,Guangdong,China,Other,Other
荣联科技集团股份有限公司,"Ronglian Technology Group Co., Ltd.","Ronglian Technology Group Co., Ltd.",Beijing,Beijing,China,Other,Other
深圳和玉高林股权投资合伙企业（有限合伙）,Shenzhen Heyu Gaolin Equity Investment Partnership (Limited Partnership),Shenzhen Heyu Gaolin Equity Investment Partnership (Limited Partnership),Shenzhen,Guangdong,China,Other,Other
山东国信健康科技有限公司,"Shandong Guoxin Health Science & Technology Co., Ltd.","Shandong Guoxin Health Technology Co., Ltd.",,Shandong,China,Other,Other
万隆福国际有限公司,"Wanlongfu International Co., Ltd.","Wanlong Fu International Co., Ltd.",,,China,Other,Other
河源巴登新城投资有限公司,"Heyuan Baden New Town Investment Co., Ltd.","Heyuan Baden New City Investment Co., Ltd.",Heyuan,Guangdong,China,Other,Other